csv_note,MCC
Logistic Regression Classic,0.7059601317980412
XGB Classic,0.6139439577257703
Random Forest Classic,0.7398288047592059
LDA Classic,0.5517113887487416
Logistic Regression TS MA,0.7371668303366463
XGB TS MA,0.6097824351259724
Random Forest TS MA,0.7468523177337629
LDA TS MA,0.6980052997408787
Logistic Regression TS Diff,0.7851804667809865
XGB TS Diff,0.9711190410141466
Random Forest TS Diff,0.9133588361055622
LDA TS Diff,0.7825842020133739
