csv_note,MCC Without Unreliable Features,MCC With Unreliable Features
Logistic Regression Classic,0.7632194901112489,0.7059601317980412
XGB Classic,0.790432687463478,0.6139439577257703
Random Forest Classic,0.7469956968221031,0.7398288047592059
LDA Classic,0.6936175430205146,0.5517113887487416
