csv_note,MCC
Logistic Regression Classic,0.7059601317980412
XGB Classic,0.6139439577257703
Random Forest Classic,0.7398288047592059
LDA Classic,0.5517113887487416
Logistic Regression TS MA,0.7470119545981655
XGB TS MA,0.6372767670719628
Random Forest TS MA,0.756051481053358
LDA TS MA,0.7129665013502041
Logistic Regression TS Diff,0.8571360617298189
XGB TS Diff,0.9824536494311087
Random Forest TS Diff,0.9244046385700506
LDA TS Diff,0.6525334637352084
